X,HeightIN,WeightLB
1,72.31682512,197.3685892
2,70.05217747,200.8187373
