X,HeightIN,WeightLB
1,72.31682512,197.3685892
2,70.05217747,200.8187373
3,71.85112915,193.3869846
4,64.73442436,166.5011147
